# adaptations.tsv: what the tip holds beyond its imports and its base, for verify_split.py part E.
# Columns (tab-separated): path, kind, reason, and sha256=<hex> for new, edit and rename+edit rows.
# Kinds: new, edit, literal, delete, manifest, rename-to:<path>, rename+edit-to:<path>.
# Imported paths that are byte-identical to their source, or differ only by the module-path
# rewrite of their import declarations, and unchanged base paths (LICENSE) need no row; a row
# nothing needs is a failure. Reasons cite the commit subject that made the change.
.gitattributes	edit	stage 2a: syntax/testdata/fuzz/** -text; *.sh text eol=lf (and its comment's \r restored by the .gitattributes fix); stage 2b: protocol/testdata/wire-golden.tsv -text; stage 3 (.gitattributes: the native ABI's C sources check out LF): *.c and *.h text eol=lf	sha256=3763497a9c479f2d75fb37dbc29ea9f24aa01b0b16dd0b77cafd729199aeb82b
.github/scripts/module-census.sh	new	stage 3 (ci): every go.mod and alternate modfile built, vetted and its main packages' tests run, or not yet wired with the reason, both ways; protobuf one version	sha256=b230f1adfc3bc8be0e7a73427d6cf8e7a73e97ec9a40f4586a5287c2a41a2ade
.github/scripts/native-exports.sh	new	stage 3 (ci): the native library's exports held to its .def both ways, the loopback harness and the three retired exports refused, nm on linux	sha256=0359c16b6610e14da312d97f5c925dca9ecbd0b64db526b142166a15467a1ec3
.github/scripts/siblings.sh	new	stage 2a (ci): clones a pinned sibling at its SHA with core.autocrlf=false; refuses an unpinned name, a non-SHA commit, a URL outside github.com/urnetwork	sha256=ccf8c89b1d7a3069fd1d69f1a332d2f7fe325a191166ab64465da4f32c654a46
.github/siblings.txt	new	stage 2a (ci): sibling checkouts pinned by full SHA from urnetwork only; stage 2b: connect-golden at 92a657fa; stage 3 (ci): connect and sdk are PLACEHOLDERS for the heads of the connect and sdk removal pull requests, refused by siblings.sh until filled in; glog, gvisor and goidenticons pinned	sha256=fe6b003de70c83a3f1f552bac6b8e7bcbc83231cacc6bbf1607d834cf9e98aea
.github/workflows/mls-syntax.yml	rename+edit-to:.github/workflows/syntax.yml	stage 2a (syntax: the codec's workflow and paths follow the codec): ./syntax, the main trigger, the artifact path; go 1.26.5 pinned, -race and every fuzz leg kept	sha256=7506ced7e57fc0a58d39026e18afcb74ffabb16b0a244cd26eca13786473bfe0
.github/workflows/native.yml	new	stage 3 (ci): compose, regenerate the .def, build URnetworkSdk c-shared, its exports against the .def, protobuf equality, the composed module's tests; ubuntu and windows	sha256=068884b9ccaa7e48e29c689333e27bc6a3eaca3254ba46f0978022ae9e6e804c
.github/workflows/protocol.yml	new	stage 2b (ci): regenerate and diff (pinned protoc), the wire corpus against connect's pre-removal copy (pinned connect-golden), the frame code-point names (pinned connect)	sha256=f90d76806ad1606d64569373cb67c10198b9b55da73477705d8f8a3c0eb54eab
.github/workflows/repository.yml	new	stage 1: repository-shape CI; stage 2a: the sibling pins checked, three bad pins refused; stage 3 (ci): the module census job, its planted-module control first, and the placeholders named	sha256=b1ca53b4d6af5aa69613977046d1dd5c8dbac2dbf21e0e3f836377b329a5be88
.github/workflows/sdk.yml	new	stage 3 (ci): the sdk module on linux (tidy, build, vet, test, platform builds), with -race, on a CRLF windows checkout; the two commands	sha256=bf496ccf817e3f3f659e7342d6dd595de75037547d22318c5a9d8b0ef5e775da
.github/workflows/test.yml	new	stage 2a (ci): linux, race, windows with a proven CRLF checkout; stage 3 (ci): the sdk-sibling job retires with the record gate's sibling root	sha256=8f412b86c81af1937452c4c666407a0ba780983f70a70eb3a77382e49eee53f3
NOTICE	new	stage 1: the BringYour notices of connect and the core SDK; stage 2a: the third-party test-vector rows (mlswg, cfrg HPKE, X-Wing), held to the tree by internal/repository	sha256=97dbdf0bba2648e170a966384a2b585cc7d7c22c940a65c8871053aa6908e560
README.md	new	stage 1: purpose, layout and status, boundary, build and test, contributing, history, design documents; stage 3: status after stages 1-3, the SDK modules' rows, the SDK boundary, the siblings and the native build	sha256=b7e0aa092ac64a6730cbf7e61aacfd498e853b5ca14ece9e3ba5c1d5a3b80236
docs/BOUNDARY.md	new	stage 1: the normative dependency rules, each mapped to its check; stage 3: B8 (the SDK never imports the core SDK; the composition links both), B9 (one copy of the schema), B10 (the append-only corpus), B11 (crypto scope), B12 (module census); the single-copy schema	sha256=1c49ad61a75512aa8d333397761708af6b3a21544c45531c32afb4779366c41c
docs/HISTORY.md	new	stage 1: provenance and how to re-run the verifier; stage 3: the verifier's revision 4, the sdk import's row and section, the four-side verifier command	sha256=e125c3938765b74db32c05571a23a464efbd381b09ae27693c03114c36bd9402
docs/RELEASING.md	new	stage 1: annotated tags by a maintainer, none before the cutover; merge commits only; recovery from a squash or rebase merge without force	sha256=4b9f04873057756687252df78c3646be52a2be8c7c99ae0ee4a82d3a0028c50e
docs/history/2a-scope.md	new	stage 2a: every scope the move could narrow, measured in connect e449f7d8 and here, the scope diff, and who keeps each non-moved half	sha256=6395947968fa0771f46c56eff57514502c57ae4d75260bb41f4afc38d18b4e8b
docs/history/3-scope.md	new	stage 3: every scope the move could narrow, measured here and at P_sdk, and who keeps each non-moved half	sha256=6085db112465a28c423f273248997bb7164b723f8f039edbe7ed7487d7008d7f
docs/history/adaptations.tsv	manifest	this manifest; a digest of itself would be a fixed point, so the verifier compares its bytes with the --manifest file
docs/history/connect-codestyle-commit-map.txt	new	stage 1: the git-filter-repo commit map of the CODESTYLE.md import, 24 rows, old new	sha256=48e6a16c692cbf4f9ccce303a782da82b3caa8c351d7bf2be6f130f0149393df
docs/history/connect-codestyle-paths.txt	new	stage 1: the --paths-from-file input of the CODESTYLE.md import	sha256=bba6931e0e4380493cfcceb834467e0b2de2bf255dd5a841e3173b43cd338dc1
docs/history/connect-core-commit-map.txt	new	stage 2a: the git-filter-repo commit map of the foundational import, 465 rows, old new	sha256=c3cb61ca92f42aa2e8ba4786b626a25d3dcdb77cf71426b3a073e28ed0074f5b
docs/history/connect-core-paths.txt	new	stage 2a: the --paths-from-file input of the foundational import (sha256 32c1e6d4...)	sha256=32c1e6d4779fc7cbd7c068fe8d6e22557c388ce91630ec39ad11c8a91cf358f2
docs/history/connect-protocol-commit-map.txt	new	stage 2b: the git-filter-repo commit map of the schema import, 10 rows, old new	sha256=b29cc81ad4dc633dd66a3548794d7fc08811dfbfc54901746079c5a058d4f0dd
docs/history/connect-protocol-paths.txt	new	stage 2b: the --paths-from-file input of the schema import (sha256 7afbfec9...)	sha256=7afbfec94477fc52b448c61a4e8869af5b00895a370a903ae742c3147ffa6017
docs/history/rewritepaths.go.txt	new	stage 2a: the module-path rewrite tool the rewrite commit ran, kept as .txt so it is no package of this module	sha256=11f84fb07b1ba840213f6169b47607b06602f21917d2697040f38aa8c5ae702e
docs/history/sdk-commit-map.txt	new	stage 3: the git-filter-repo commit map of the sdk import, 123 rows, old new	sha256=04625a29d4880658dee10087dcf982df338a9ffb08e9e901462f418aed2b8824
docs/history/sdk-paths.stage3.txt	new	stage 3: the --paths-from-file input of the sdk import (sha256 9b685031...)	sha256=9b685031a15e96cd6d763723ac935d99134940e9504ecb63e1b9a9388a44d169
docs/history/verified-tips.txt	new	stage 1: header; each stage appends the tip the verifier passed: 3d1d12b6, 5b594dd5 (2a), ea3f0fed (2b)	sha256=670712e67bda63340b7842917ce91ee1a422288f6a88b8c487e779ffebf01520
docs/history/verify_split.py	new	stage 1: the verifier, revision 3; stage 3: revision 4 pins the sdk side from three counted runs (one tip, e5223830) and accepts a dropped merge parent only when its side never held a kept path	sha256=ed620472a7656e889f1f25b9fd50094b9282f312d433f16d87f391cf99106e7e
go.mod	new	stage 1: module github.com/urnetwork/message, go 1.26.3, toolchain go1.26.5; stage 2a: x/crypto v0.54.0 and x/sys v0.47.0 indirect; stage 2b (protocol: go_package): google.golang.org/protobuf v1.36.11, connect's version; each what go mod tidy writes	sha256=23bd9bdcfff836b018506d75e91210727ac1e073a6a35bca2a076ae600f1d56e
go.sum	new	stage 2a: x/crypto and x/sys; stage 2b: protobuf and go-cmp; the eight lines go mod tidy writes	sha256=f3d258ace8a1cd28d0d9bb1dc070ad560efe2d5bd143a4e1ff4e041ccc705c4f
internal/layering/layering_test.go	new	stage 2a: the dependency boundary over every Go file of the repository, both-ways rows, server-safe closure, stale literals, fixture controls; stage 2b: protocol's row; stage 3 (message, internal/layering: the record gate reads this repository's sdk/, and the SDK packages have rows): the seven SDK packages' rows, the core SDK's old spelling of sdk/urmessage as a stale literal, the record gate's stale-literal use removed	sha256=5b99aa9c4437d7e805ea2bfa25fa241a0059850e4f523e4acfb965a643b1a6d6
internal/repository/notice_test.go	new	stage 2a (NOTICE: the third-party test vectors): every file under testdata/vectors/ has a NOTICE row, every row a file; with its control	sha256=ace4c9918690372512752b9f05bf6a42bac01037b3d06ddfcd6e97fa381e2e10
message/record_test.go	edit	stage 2a: syntaxRoot; the sibling sdk by the stage-3 rule, its complement held to a property; stage 3 (the record gate reads this repository's sdk/): the in-repo sdk/ root, required; TestTheSdkRootIsASiblingOfThisModule inverted as TestTheSdkRootIsThisRepositorysOwnSdkModule; the subset rule retired and the complement held empty (TestNoSdkCodeIsLeftOutOfTheGate); the fixture rebuilt	sha256=3bf4ef3de6d2884a47460a59e2478917c4ddc08a906fb57ba7b555f9e95d5041
message/writeauth_test.go	edit	stage 3 (the module walks stop at a nested go.mod): the constant-time importer walk is authImportersOf, which stops at a nested go.mod and reads the nested modules' importers into a printed complement; TestTheConstantTimeImporterWalkStopsAtANestedModule	sha256=ced85543cdbf2d0aead9e56e59b71d94ac1a3904d26eac054f287cd23cd35e99
messagegroup/ephkey_test.go	literal	a comment: prose naming the record package; no gate reads it
messagegroup/epoch_test.go	literal	a comment, and modulePrefix: it derives this package's sibling directories from its own first-party imports, which carry the new prefix; the derived set is the same packages (message, mls, syntax)
messagegroup/imports_test.go	edit	stage 2a (rewrite): gofmt realigns the map after the rewrite shortened one key; the three keys are the same packages under their new paths	sha256=7a5fad7effb00b8b26db8537a81a109e45fde81cc444f2b0e6e295bccf2460d4
messagegroup/m1w1repairs_test.go	literal	the import path this package's own source is type-checked as: its own path
messagegroup/primitiveerase_test.go	literal	the import path of mls, whose one reviewed ECDH wrapper this gate requires; same package
messagegroup/ratchetrepairs_test.go	literal	the import path this package's own source is type-checked as: its own path
messagegroup/xwing_vectors_test.go	literal	this package's own import path, which the collector keys on
mls/crossplatform_test.go	edit	stage 2a (mls: the cross-platform gate builds the whole module): ./... from the module root, and the expansion must reach message, messagegroup, mls, syntax	sha256=e5067bf12b159116bb603e0ba93d6ca0b302bbf989340cb37d0015ac3c4abc4a
mls/crypto_forbidden_test.go	edit	stage 2a: codecScanRoots, urmessageScanRoots, the go-list floor, moduleSiblingOf's path boundary; stage 3 (the module walks stop at a nested go.mod): the derivation does not enter sdk/, prints it as out of scope, and requires the stop	sha256=c40dd1440fd307a08c5c61d9eb66d3eeef381b7a3acb60c801d27091cd1a9bea
mls/crypto_labels_test.go	literal	a comment; the renamed- and dot-import controls import the codec by its real path, or they stop modelling the tree
mls/crypto_test.go	edit	stage 2a (mls): two recursive scans read urmessageScanRoots(); the expected-import table names the same three packages under their new paths (rewrite)	sha256=2d01b43bbe2ea1834162078deb494c7473d3ff0520bc9a7c1318110c4ece46d5
mls/external_provenance_test.go	literal	mls's own import path for the type check and the shadow comparison
mls/framing_group_seams_test.go	edit	stage 2a (mls): five recursive scans read urmessageScanRoots(); the two control fixtures import mls under its new path (rewrite)	sha256=e432608e0b0ba9e01ea28e2fde611a8ec67c0d8983ef8c3a05d73f9906b89f04
mls/framing_guard_test.go	edit	stage 2a (mls): the whole-octet gate judges codecScanRoots by name	sha256=137d28cb6c19a232703c0b541c5a246ffabb13a32cf7a0d71bb1d7960f75aeeb
mls/framing_test.go	literal	the codec's path as the type-checked import list reports it; same package
mls/gates_index_test.go	edit	stage 2a (mls): the gates index walks urmessageScanRoots()	sha256=513c6535220ecc9e52f94e98ff0e3c6f77f106f4ef13931fb1a3e9253606520b
mls/group_context_test.go	literal	mls's own import path for the type check
mls/group_test.go	edit	stage 2a (mls): one recursive scan reads urmessageScanRoots()	sha256=2a7400b7213ac9ebd02d28dfb65f65870c8731b6d97ee4c7b8b75da565e970d4
mls/key_schedule_deps_test.go	edit	stage 2a: the rewrite made firstPartyImportPrefix the bare github.com/urnetwork/message, which also matches message-server (MEANING CHANGES); isFirstPartyImport is a path prefix and the control fixture imports message-server/x; 890 a fixture import of the codec under its new path	sha256=0c412c652deb71eaea4161115c25c24eb8a0c6c94450b632e274376294002759
mls/key_schedule_guard_test.go	edit	stage 2a (mls): the codec's directory (../syntax) and its import identifier (syntax), split	sha256=c39bf3adb4d67f7533f951095228ee78c030680f778597dcb09ea9bed57a3bc9
mls/key_schedule_kat_test.go	literal	modulePrefix: as messagegroup/epoch_test.go's
mls/leaf_validation_doors_test.go	literal	mls's own import path for the type check
mls/scan_scope_test.go	new	stage 2a (mls: scan the promoted codec by name): every scan of this package is handed the whole scope, the control fixture, or a declared narrower root; with its fixture control	sha256=7a1bf721eb618d3c485ef496806a3ac5895ae173f55c94916ce13888c41e6d58
mls/staged_erase_test.go	edit	stage 2a (mls): one recursive scan reads urmessageScanRoots()	sha256=280613ad5d31c8fa19c696679624e7635c434de852bcc0fd47e9cc8bc08f1011
mls/tree_roundtrip_test.go	literal	the renamed- and dot-import controls import the codec by its real path
protocol/Makefile	new	stage 2b (protocol: go_package): the generator pair pinned (protoc-gen-go v1.36.11), as connect's protocol/Makefile	sha256=54ed1cec5f093eebbfd65703e855b5e61771665e35aee8f8adebea866c2631fd
protocol/message.pb.go	edit	stage 2b (protocol: go_package): regenerated once by protoc 35.1 + protoc-gen-go v1.36.11; a 7-byte diff on one line, the go_package string inside the raw descriptor (sha256 2ec09893...6896)	sha256=2ec098931445498eb300e18f5f4ab0e8e0f98636e6802b7105db5fc390216896
protocol/message.proto	edit	stage 2b (protocol: go_package): line 4 only, go_package github.com/urnetwork/message/protocol; package, names and every number unchanged	sha256=fca400e3fb87381ba745bfe0871a41bbf6f92f376d0a52d6d83b6a30bf34c19f
protocol/message_codepoint_names_test.go	new	stage 2b: the frame code-point NAMES held against this package's messages, frame.proto read as text from the pinned connect sibling; with its control	sha256=c72e836b29bbc7c09e9ea2afe299953605c13318137ccfc073a2c82450ad3a19
protocol/message_keydelivery_test.go	literal	three comments quote a go test result line naming the package that ran; they name the package that runs now
protocol/message_wire_test.go	edit	stage 2b (the frame code points stay with frame.proto): the 171-line block of the three code-point checks and its protoregistry import removed, the header says where they went; the import rewrite (rewrite commit)	sha256=953c7cd531639489f35c633e16fed605b531500cd93e0ed46634fc1ccbc70ec0
protocol/message_wiregolden_test.go	new	stage 2b (protocol: the wire corpus is append-only): re-emits the corpus from this package and holds rules A-D and the type set both ways; with eight break controls	sha256=8c7fc62acfb95a513a95509137a5303fd1a88f7f124ee89a71aefca8e889197a
protocol/testdata/wire-golden.tsv	new	stage 2b (protocol: the wire corpus): emitted from urnetwork/connect 92a657fa's schema; 197 items, 57,264 bytes, sha256 9b5772b7...; this package emits the same bytes	sha256=9b5772b7e5d57956ce54c491b311bf86b5b39565c2a87f6d9dc2ad09a8454edc
protocol/testdata/wiregolden/common.go	new	stage 2b: inventory D's corpus emitter, unchanged in what it emits; output through writers; check exits non-zero on a difference	sha256=84b18318f7ec15408aa75b15a12149e96514d8de481d9b55ae3c7c295b1c0c42
protocol/testdata/wiregolden/go.mod	new	stage 2b: the emitter's own module, under testdata; connect replaced by the pinned pre-removal sibling connect-golden	sha256=57b819fb1abbb115ba89960d3bb87e55d34747395f6611241c7b8b8b52cca95a
protocol/testdata/wiregolden/go.sum	new	stage 2b: what go mod tidy writes for the emitter (protobuf, go-cmp)	sha256=81a4e5aa3e2ec571565b3f27efcc35d3fde52e3bdc8ce927640ff474634daba7
protocol/testdata/wiregolden/main_test.go	new	stage 2b: the emitter's coverage by construction and a renumbered-field control, under each tag	sha256=1e19a14a16f8b698752e8a3480a7b665cc64b506a96f6cc201a30841893ddf6e
protocol/testdata/wiregolden/src_new.go	new	stage 2b: -tags new links message/protocol (this repository's)	sha256=c1f5ad35c19b9f9ac73d934e74ec9a4def141d42318f33caecdc183ae11429d5
protocol/testdata/wiregolden/src_orig.go	new	stage 2b: -tags orig links connect/protocol (connect's copy)	sha256=39d72834b6f2dbe4f0c60e8d791678c565b72f619db716bac4dd8932e084ead1
sdk/cgo/.gitignore	new	stage 3 (sdk/cgo: the native composition): what compose.sh records and a library build writes	sha256=70e1a9eff6aa86afa7cedd291e40a8a8f3b10eaacd3886bf3747174db133a237
sdk/cgo/compose.sh	new	stage 3 (sdk/cgo: the native composition): lays the core SDK's cgo package main under sdk/cgo, records it, refuses a pre-removal core, an existing file and a second compose; --clean	sha256=9c277589dff5772bce589b801a66821fbab95ad8d430f69471d552734ffc0088
sdk/cgo/exports_message.go	edit	stage 3: the module-path rewrite (rewritepaths -stage 3); (a documentation address): 203.0.113.53 in a doc comment in place of a real server's address; (the native composition): the prose says where the library's .def comes from	sha256=b974b5da4bf0bc3d89cba40541409aa9b58537204442f72bb1b3bd2f2a3ecbe8
sdk/cgo/gen/composedef_test.go	new	stage 3 (sdk/cgo: the native composition): the .def byte for byte against gen, the loopback harness kept out, the messaging header declaring every export (re-homed from the core's manual_exports_test.go), gen's refusals	sha256=40b0ed466968fb1dfce86a7adbd4713a2b0bb5513684e53822ae7189206ed8d3
sdk/cgo/gen/main.go	new	stage 3 (sdk/cgo: the native composition): writes the library's .def from the core's .def and this directory's shipped exports; inAnyShippedBuild copied from the core generator	sha256=c3d83a6f6ce402881d9e9452d4bbe02beac91d9ce0a1e3cd043b9c6266b958b6
sdk/cgo/gen/serviceurls_test.go	new	stage 3 (sdk/cgo: the native composition): MessageServiceUrls against the core SDK's ServiceUrl over 40 host/env rows, and the blank-host refusal	sha256=7667305987e1cc2e5b8189e665dc6ae998e3f50f9c6ad3bdab8837dc6e7fa3af
sdk/cgo/go.mod	new	stage 3 (sdk: its own module): the composition module's own go.mod; (sdk/cgo: the native composition): both SDKs, this repository and connect required and replaced, tidied over the composed tree without the loopback harness	sha256=75042617c3a2d9df4b494d3d891ebda6a4ef8331ce2719d068263d28f673ef6b
sdk/cgo/go.sum	new	stage 3 (sdk/cgo: the native composition): what go mod tidy writes over the composed tree	sha256=67868bff600acf976e9512b3045a20992aae048143165660a988fa0ecec03c14
sdk/cgo/include/urnetwork_sdk.def	new	stage 3 (sdk/cgo: the native composition): generated by sdk/cgo/gen: 1,219 names, the core's 1,160 at the pinned core and 59 messaging; the pre-split core .def minus the three retired generated exports	sha256=3ea0a18847e3a708601ec278db1a15c6d8c8ea3755f512a83b8d08cec09d174a
sdk/cgo/loopback.go.mod	edit	stage 3 (sdk: its own module): the module path and the moved modules' requirements rewritten; not tidied, as the loopback harness needs a message server that has switched (NOT_YET_WIRED)	sha256=1b34ae83103b85fee79097eef44b0cd489c43bf5753659b36d161868c351c207
sdk/cgo/loopback_test_world.go	edit	stage 3: the module-path rewrite (rewritepaths -stage 3); the schema switch (the messaging types come from message/protocol, imported as messageprotocol; Frame and the transport types stay connect/protocol's, connectprotocol)	sha256=2757ce10999b1206d6e3caa425c421b2d9eebb5c1e6ca61fb3cfb4b5ff299ffe
sdk/cp3b/deletesendside_test.go	edit	stage 3: the module-path rewrite (rewritepaths -stage 3), and gofmt's import order: a rewritten path now sorts after connect/protocol; the schema switch (the messaging types come from message/protocol, imported as messageprotocol; Frame and the transport types stay connect/protocol's, connectprotocol)	sha256=248f0bc132e6e66e64b475bcd6e394e1732d58b2c128678cdd8e84d3172ff794
sdk/cp3b/endpointroute_test.go	edit	stage 3: the module-path rewrite (rewritepaths -stage 3); the schema switch (the messaging types come from message/protocol, imported as messageprotocol; Frame and the transport types stay connect/protocol's, connectprotocol)	sha256=7c1fdb9a13d122dee9ef76e3354166e7af9f644cc25dca992e07493e99b3ee72
sdk/cp3b/fetchpage_test.go	edit	stage 3: the module-path rewrite (rewritepaths -stage 3); the schema switch (the messaging types come from message/protocol, imported as messageprotocol; Frame and the transport types stay connect/protocol's, connectprotocol)	sha256=aefe0557c183eb73b971b83933cc7b426386f8ea370245fcd4870dacfdf6745c
sdk/cp3b/go.mod	edit	stage 3 (sdk: its own module): the module path and requirements rewritten; not tidied, as cp3b needs a message server that has switched (NOT_YET_WIRED)	sha256=4444248b7f7cefafc833ddd1fdd0627a27cbeadecb44142e999fde6eeba66025
sdk/cp3b/item244_test.go	edit	stage 3: the module-path rewrite (rewritepaths -stage 3), and gofmt's import order: a rewritten path now sorts after connect/protocol; the schema switch (the messaging types come from message/protocol, imported as messageprotocol; Frame and the transport types stay connect/protocol's, connectprotocol)	sha256=4a9afa81aa32a6e17ed86646f0c623eb64848a5f3cb8fd6be76aefa3ca0a6030
sdk/cp3b/platformview_test.go	edit	stage 3: the module-path rewrite (rewritepaths -stage 3); the schema switch (the messaging types come from message/protocol, imported as messageprotocol; Frame and the transport types stay connect/protocol's, connectprotocol)	sha256=89506696673103eb266cc2e849273fcbe06c3382d479f2cb3524077fcb26fbd6
sdk/cp3b/pqrotation_test.go	edit	stage 3: the module-path rewrite (rewritepaths -stage 3), and gofmt's import order: a rewritten path now sorts after connect/protocol	sha256=375b81543bd15b5cfe2a896f1fafb11fb97ae9116e4502de7cbb6ec3d21dbde0
sdk/cp3b/roles_test.go	edit	stage 3: the module-path rewrite (rewritepaths -stage 3), and gofmt's import order: a rewritten path now sorts after connect/protocol; the schema switch (the messaging types come from message/protocol, imported as messageprotocol; Frame and the transport types stay connect/protocol's, connectprotocol)	sha256=55b9a9f8fe2b7693003867e4dd240ee643aed476d562bb321ee6b40de857cb64
sdk/cp3b/s2_2_test.go	edit	stage 3: the module-path rewrite (rewritepaths -stage 3); the schema switch (the messaging types come from message/protocol, imported as messageprotocol; Frame and the transport types stay connect/protocol's, connectprotocol)	sha256=168e9f1cb3216aa0fb92aa5d6b03066ecee105e34f5750673501991195b59fb5
sdk/cp3b/sealgate_test.go	edit	stage 3: the module-path rewrite (rewritepaths -stage 3); the schema switch (the messaging types come from message/protocol, imported as messageprotocol; Frame and the transport types stay connect/protocol's, connectprotocol)	sha256=87be3332bf6d6564b7459966ac2e0f5abf79a0b7e00a4c4288c3e6cf73b663bf
sdk/cp3b/sizeladder_test.go	edit	stage 3: the module-path rewrite (rewritepaths -stage 3), and gofmt's import order: a rewritten path now sorts after connect/protocol	sha256=7285518818688d7676f73d0ea28bed6dfa89221b432fcba735ad8f4b9adb38fa
sdk/cp3b/world_test.go	edit	stage 3: the module-path rewrite (rewritepaths -stage 3); the schema switch (the messaging types come from message/protocol, imported as messageprotocol; Frame and the transport types stay connect/protocol's, connectprotocol)	sha256=d36ebd243978363f0839758f64f1426220e124dac8239b49851975aa2b2e3645
sdk/go.mod	new	stage 3 (sdk: its own module): github.com/urnetwork/message/sdk requires connect and this repository, never the core SDK; siblings replaced by path; (the tunnel tests' packet helper): gopacket direct; what go mod tidy writes	sha256=94d3a0b99f082e4a1dce881d40a2f0a3215b64d1f4e884f0c39ea759d7341173
sdk/go.sum	new	stage 3 (sdk: its own module): what go mod tidy writes	sha256=3efc8634285092d0efacce85083e4cf072f16d154a8600643b998cc93ef9dc93
sdk/livepeer/go.mod	edit	stage 3 (sdk: its own module): github.com/urnetwork/message/sdk/livepeer, its requirements rewritten and tidied	sha256=4a7bd6ed700322df26a8c7c6992586fe6a0ee0c5044334eb14f2238f6a153d6b
sdk/livepeer/go.sum	edit	stage 3 (sdk: its own module): what go mod tidy writes	sha256=b663b4b74e18de49d896c54cfd3e7811428452bd9f08c95ef79925600dc05970
sdk/livepeer/main.go	edit	stage 3: the module-path rewrite (rewritepaths -stage 3); the schema switch (the messaging types come from message/protocol, imported as messageprotocol; Frame and the transport types stay connect/protocol's, connectprotocol)	sha256=dbdbc26dcc4f546f701e438ab7e068297d1a86548127acca411c528bed78b450
sdk/livepeer/main_test.go	new	stage 3 (a main_test.go each): the command's test binary starts in CI; the invite file handshake	sha256=d2b64ee1d9e9f63f43f37f1c83fe2222b57abd68d83683a3b889cf1d2e74bbc9
sdk/liveprobe/go.mod	edit	stage 3 (sdk: its own module): github.com/urnetwork/message/sdk/liveprobe, its requirements rewritten and tidied	sha256=bacb1ba51274a2bc5777bd270ff02a01e8d885f33404b7cac86bf5dbf6901795
sdk/liveprobe/go.sum	edit	stage 3 (sdk: its own module): what go mod tidy writes	sha256=b663b4b74e18de49d896c54cfd3e7811428452bd9f08c95ef79925600dc05970
sdk/liveprobe/main.go	edit	stage 3: the module-path rewrite (rewritepaths -stage 3), and gofmt's import order: a rewritten path now sorts after connect/protocol; the schema switch (the messaging types come from message/protocol, imported as messageprotocol; Frame and the transport types stay connect/protocol's, connectprotocol)	sha256=c6d44b6f3b18eaf8add6c21f4a398a170a92ca1e67e75386efd7a17877c801b0
sdk/liveprobe/main_test.go	new	stage 3 (a main_test.go each): the command's test binary starts in CI; the credential scan and firstDifference	sha256=d082b78adbc4d7f2977995008a5a4cfb23889a0e34d77fa963556e191608baf4
sdk/message_client.go	edit	stage 3 (MessageClientConfig takes explicit urls first): the explicit urls documented as the preferred form; MessageServiceUrls, the host/env convenience's whole contract, in place of the core SDK's network-space types	sha256=5874f3d05313da6ab54cc76a9bf550da98e6b1fe3725ad169cbe243ff9cef936
sdk/message_client_test.go	edit	stage 3 (MessageClientConfig takes explicit urls first): the url test's comment names the contract it pins	sha256=c3cd0371f71a7588928443026c4ee7b63d9c38e8a2fba182e728eb52468ee4d2
sdk/message_crypto_scope_test.go	new	stage 3 (a gate on the cryptography this module imports): the production crypto imports held to a declared map both ways, with fixture controls	sha256=b7b18f7a964c278c9382c384be72132435e133d0d37ec5458a45cbeaaec44529
sdk/message_receive_callback_policy_test.go	new	stage 3 (the receive side's gates): this module's receive-callback audit, rebuilt from the core's, 2 registrations	sha256=419d5917361d9782ac6a55a0c962d873ad33faf0ecc043033eff5176be727825
sdk/message_route.go	edit	stage 3 (a documentation address): 203.0.113.53 in MessageRouteConfig.Endpoint's comment in place of a real server's address	sha256=bfc965b8ca062b57c25f90204b1ed85bf1190a4fc93755420fce1803990ade8c
sdk/message_schema_registration_test.go	new	stage 3 (one copy of message.proto is registered): TestOneCopyOfMessageProtoIsRegistered	sha256=fa00f9779d637244a112aa7fb92a8b69fde5b57ac891a05f12a79f63f7ade3bb
sdk/message_stream_adapter_census_extender_native_test.go	delete	stage 3 (the package-wide gates hold this package): the native extender's census fragment; its one value is a core SDK file's
sdk/message_stream_adapter_census_extender_other_test.go	delete	stage 3 (the package-wide gates hold this package): the fragment's empty twin, with no subject left
sdk/message_stream_adapter_test.go	edit	stage 3: the module-path rewrite (rewritepaths -stage 3), one string literal too (the messagegroup import path the adapter gates match); (the package-wide gates hold this package): the value census holds this package's values, the core's non-sentinel rulings removed	sha256=0fd7ff875d16a82410395d47d66ca41ccc7bace431204b35a94d8d8773aa62d2
sdk/message_stream_store_test.go	edit	stage 3: the module-path rewrite (rewritepaths -stage 3), one string literal too (the messagegroup import path); (the package-wide gates hold this package): the core's Sync rulings removed	sha256=817ab73f8b1485725d49317795962faf05730f9f0ddf8a34534b6722f9f7d867
sdk/message_transport.go	edit	stage 3: the schema switch (the messaging types come from message/protocol, imported as messageprotocol; Frame and the transport types stay connect/protocol's, connectprotocol)	sha256=fa2568ac3b0a40580a93ed5ec11d91e3eec54627ee3c04e3b72270bc3ef13628
sdk/message_transport_door.go	edit	stage 3: the module-path rewrite (rewritepaths -stage 3), a comment too; the schema switch (the messaging types come from message/protocol, imported as messageprotocol; Frame and the transport types stay connect/protocol's, connectprotocol)	sha256=a824c1b50b4e4cda6315468c1c75759374738e10c2fe2ff10f16ad4ab20e8520
sdk/message_transport_fragment.go	edit	stage 3: the schema switch (the messaging types come from message/protocol, imported as messageprotocol; Frame and the transport types stay connect/protocol's, connectprotocol)	sha256=ec919bb10277e0458d0b98f080c78957aec8f9654980072c912d39c516fa6926
sdk/message_transport_fragment_rulings_linux_test.go	edit	stage 3 (the package-wide gates hold this package): the linux half's one ruling was the core key-pin store's; empty	sha256=3cae8f1a2f6cd6f27a40ffa2b2b840e7c77928f6b17aed12c99f874a5c88dd84
sdk/message_transport_fragment_test.go	edit	stage 3: the module-path rewrite (rewritepaths -stage 3), the type-checked package path too; the schema switch (the messaging types come from message/protocol, imported as messageprotocol; Frame and the transport types stay connect/protocol's, connectprotocol), and the fragment type-check keyed on message/protocol's MessageServerFragment; (the package-wide gates hold this package): the core's part-size rulings removed, the darwin expression ruling and its test with them, the expression-key rule held over a fixture	sha256=c5592b4903b4d4ff7a170c6e7c3ff71db6ce6c26e3417c93e5534d7ff07d6b9f
sdk/message_transport_hello.go	edit	stage 3: the schema switch (the messaging types come from message/protocol, imported as messageprotocol; Frame and the transport types stay connect/protocol's, connectprotocol)	sha256=6a98f107f61a2c30eed12680fb8a0532c55963f9657d4fdcc223af5f4f152e7f
sdk/message_transport_hello_test.go	edit	stage 3: the schema switch (the messaging types come from message/protocol, imported as messageprotocol; Frame and the transport types stay connect/protocol's, connectprotocol)	sha256=480b1aa92b23774ddca3212c1ac9dd362af863abfbc1dcd5b2119adc1e553f8e
sdk/message_transport_push.go	edit	stage 3: the schema switch (the messaging types come from message/protocol, imported as messageprotocol; Frame and the transport types stay connect/protocol's, connectprotocol)	sha256=9006b01fd17d54bcf1a99e705d74175969991a03506f426fef1aa3a612b5af09
sdk/message_transport_test.go	edit	stage 3: the schema switch (the messaging types come from message/protocol, imported as messageprotocol; Frame and the transport types stay connect/protocol's, connectprotocol); (the receive side's gates): the code-point gate resolves the enum's package by import path; the borrow gate's C2 comment	sha256=a9133b6faf8ee6719c739b87aaa1c36d687f3685ab9cada04029d91d6780042f
sdk/message_tunnel.go	edit	stage 3 (the tunnel's window clients take connect.NewOperatorClientSettings): the operator key api wired through connect's shared implementation	sha256=459bd5f7dea01d7a98a3e0edcf4e6d14c1bfc3269e69ef3ea28f61315f6c135c
sdk/message_tunnel_helpers_test.go	new	stage 3 (the tunnel tests' packet helper): the core SDK's craftIpv4Packet test helper, same name and body, on connect's gopacket	sha256=1fc3f09012083c415780ea297fb2b8523eec99e4b009d68d128e78ed8db950bc
sdk/urmessage/citationgate_test.go	edit	stage 3: the module-path rewrite (rewritepaths -stage 3), two string literals too (module.dirOf over the moved packages); (the citation gate's declarations are this repository's): declarations from the repository, the six connect carve-outs and TestMain's deleted, the subject's complement printed; urmessageOwns removed	sha256=a49bea352fe7bb075f6ef531f04dcd5d901d586d7c7bae0d5c16521135943304
sdk/urmessage/device.go	edit	stage 3: the module-path rewrite (rewritepaths -stage 3), and gofmt's import order: a rewritten path now sorts after connect/protocol; the schema switch (the messaging types come from message/protocol, imported as messageprotocol; Frame and the transport types stay connect/protocol's, connectprotocol)	sha256=23682c1f563fcc3b62d3dcff3f6beb2fa5f712df1e2edd3c9e850dca79820780
sdk/urmessage/device_connect_test.go	edit	stage 3: the module-path rewrite (rewritepaths -stage 3); the schema switch (the messaging types come from message/protocol, imported as messageprotocol; Frame and the transport types stay connect/protocol's, connectprotocol)	sha256=f7771d869ea680921ce61b36a994f1b35e3303dbb81512b9605cdb5e841d3924
sdk/urmessage/epochkeydelivery_test.go	edit	stage 3: the module-path rewrite (rewritepaths -stage 3), and gofmt's import order: a rewritten path now sorts after connect/protocol; the schema switch (the messaging types come from message/protocol, imported as messageprotocol; Frame and the transport types stay connect/protocol's, connectprotocol)	sha256=adfa8401dc55d446bce2e5c058302a42ce35be7c99f9f9a3ec7999372af309e2
sdk/urmessage/fetchpage_test.go	edit	stage 3: the schema switch (the messaging types come from message/protocol, imported as messageprotocol; Frame and the transport types stay connect/protocol's, connectprotocol)	sha256=e3946104c8750d7db692e259c55a8728709126076be2805e64880346cf995243
sdk/urmessage/group.go	edit	stage 3: the module-path rewrite (rewritepaths -stage 3), and gofmt's import order: a rewritten path now sorts after connect/protocol; the schema switch (the messaging types come from message/protocol, imported as messageprotocol; Frame and the transport types stay connect/protocol's, connectprotocol)	sha256=2a7174705b9f9edb48d730eec7f9cfc14636fb4f24dc80b5e9362a6e5a2b2891
sdk/urmessage/headgate_test.go	literal	the import path this package's source is type-checked as: its own path
sdk/urmessage/pqrotation_test.go	edit	stage 3: the module-path rewrite (rewritepaths -stage 3), and gofmt's import order: a rewritten path now sorts after connect/protocol; the schema switch (the messaging types come from message/protocol, imported as messageprotocol; Frame and the transport types stay connect/protocol's, connectprotocol)	sha256=d145b0c46722bbfa1a70a77cd14ccf28208cd52302227d4ff159440f05c873f7
sdk/urmessage/pqsecretgate_test.go	literal	a comment quoting a go test result line naming the package that ran; it names the package that runs now
sdk/urmessage/record.go	edit	stage 3: the module-path rewrite (rewritepaths -stage 3), and gofmt's import order: a rewritten path now sorts after connect/protocol; the schema switch (the messaging types come from message/protocol, imported as messageprotocol; Frame and the transport types stay connect/protocol's, connectprotocol)	sha256=528c322c4f38146089d464f7c15664f1d373b0082c5e048462254adc86d2ae3e
sdk/urmessage/rolesingest_test.go	edit	stage 3: the module-path rewrite (rewritepaths -stage 3), and gofmt's import order: a rewritten path now sorts after connect/protocol; the schema switch (the messaging types come from message/protocol, imported as messageprotocol; Frame and the transport types stay connect/protocol's, connectprotocol)	sha256=06f2c9015e1cb33f9420367152ca94ea1366a77430bb51a17da5d5be5d067639
sdk/urmessage/streamfloorgate_test.go	edit	stage 3: the module-path rewrite (rewritepaths -stage 3), and gofmt's import order: a rewritten path now sorts after connect/protocol; the schema switch (the messaging types come from message/protocol, imported as messageprotocol; Frame and the transport types stay connect/protocol's, connectprotocol)	sha256=c3c3eab5e47c88addc47b3e2444dcac3c7b2c55b2f657e1d746f90853edea32b
sdk/urmessage/urmessage_test.go	edit	stage 3: the module-path rewrite (rewritepaths -stage 3), and gofmt's import order: a rewritten path now sorts after connect/protocol, and a comment naming the module whose graph the server would join; the schema switch (the messaging types come from message/protocol, imported as messageprotocol; Frame and the transport types stay connect/protocol's, connectprotocol)	sha256=e3e6476c0d1e8a903ef6f28def676ce392d412686a4854f77993366cfa75556c
sdk/urmessage/walkkind_test.go	edit	stage 3: the module-path rewrite (rewritepaths -stage 3), and gofmt's import order: a rewritten path now sorts after connect/protocol; the schema switch (the messaging types come from message/protocol, imported as messageprotocol; Frame and the transport types stay connect/protocol's, connectprotocol)	sha256=0cf73f6cfa80ec5de356422128683bcc5f2984534bf4d73f667589e3eded3aed
sdk/urmessage/wrapseedgate_test.go	literal	a comment quoting a go test result line naming the package that ran; it names the package that runs now
syntax/fuzz_test.go	edit	stage 2a (syntax): the shared corpus path follows mls/testdata (it had no top-level seed before the move and has none after)	sha256=3f8e8c256008870469fd75cd986f89702b00df818b82a7cce6fcbc65a7d1dadf
syntax/layering_test.go	edit	stage 2a (syntax): the workflow is ../.github/workflows/syntax.yml, read as structure (YAML subset reader, triggers, live steps), with 12 controls; selfImportPath is the codec's own new path (rewrite)	sha256=b09ef3482a8027da705b8d61a667bd5dbadb5f614e2f90dc428566e12ded4863
syntax/vectors_test.go	edit	stage 2a (syntax): family 16 stays digest-pinned in mls/testdata/vectors; read from there	sha256=a78c577da51b38cdc466b05edf49e365ecf86746268647e2930e94330707476b
