# ported.tsv: what docs/history/carried.py holds the removals' deletions to, beyond the imports.
# Columns (tab-separated): side, kind, path (as the source repository names it), commits (comma-
# separated full SHAs of the source repository, or -), the commit of THIS repository that carries
# them (or -), reason.
# Kinds:
#   port            upstream changed the path after the import's source (between the merge base of
#                   source and upstream, and the upstream measured); the commits are upstream's, the
#                   tip commit is the one that ported them and changes the path, and carried.py
#                   proves the tip holds every one of their changes
#   port-in-source  upstream changed the path, and the import's source already held the change: the
#                   fork had made it first. No commit here carried anything (-), and carried.py
#                   proves the source holds the change
#   port-void       upstream changed only lines this repository's adaptation removed, so nothing of
#                   it lands here (-). carried.py proves every conflict of the three-way merge is a
#                   region the tip removed, prints the lines not carried, and proves the tip holds
#                   every other upstream change
#   port-delete     upstream deleted a path the import holds; the tip holds it no more. A path
#                   upstream MOVED is a port-delete row for the old path and a port row for the new
#                   one, which carried.py measures against the old path's merge base
#   fork-only       the import's source changed the path where upstream had not; the commits are the
#                   fork's, and the reason says why the change stands here
#   not-carried     the removal deletes a path no import projects
# carried.py picks the kind an upstream change needs from what it measures, and fails on a row
# nothing needs.
connect	port	message/record_test.go	54b5b106f70a93e92ffad2d963571f332abf6153	3a22cd992adb27691e700ecee32e11fed8ec907f	Bitprecipice, 2026-10-05: joinReviewedSDKContexts, the six reviewed TCP/IP and pool-accounting operations of the sibling SDK matched by their whole AST, and TestJoinSDKPacketAndPoolContexts
connect	port	message/testdata/reviewed-sdk/device_synthetic_memory_test.go	54b5b106f70a93e92ffad2d963571f332abf6153	3a22cd992adb27691e700ecee32e11fed8ec907f	Bitprecipice, 2026-10-05: a reviewed-context fixture of the record gate, byte-identical to connect's
connect	port	message/testdata/reviewed-sdk/mobile_packet_pressure_test.go	54b5b106f70a93e92ffad2d963571f332abf6153	3a22cd992adb27691e700ecee32e11fed8ec907f	Bitprecipice, 2026-10-05: a reviewed-context fixture of the record gate, byte-identical to connect's
connect	port	message/testdata/reviewed-sdk/packet_batch.go	54b5b106f70a93e92ffad2d963571f332abf6153	3a22cd992adb27691e700ecee32e11fed8ec907f	Bitprecipice, 2026-10-05: a reviewed-context fixture of the record gate, byte-identical to connect's
connect	port	message/testdata/reviewed-sdk/socket.go	54b5b106f70a93e92ffad2d963571f332abf6153	3a22cd992adb27691e700ecee32e11fed8ec907f	Bitprecipice, 2026-10-05: a reviewed-context fixture of the record gate, byte-identical to connect's
connect	port	message/testdata/reviewed-sdk/socket_test.go	54b5b106f70a93e92ffad2d963571f332abf6153	3a22cd992adb27691e700ecee32e11fed8ec907f	Bitprecipice, 2026-10-05: a reviewed-context fixture of the record gate, byte-identical to connect's
connect	port	mls/hpke_fuzz_test.go	e8611390466dcded7ccc4fd2d08bc14c297d9f41	4be82ed6cdc700f6d3c185897c8940ace0717bf0	Bitprecipice, 2026-10-06 (no GitHub Actions): the comments say what a plain go test run covers
connect	port	mls/syntax/fuzz_test.go	e8611390466dcded7ccc4fd2d08bc14c297d9f41	4be82ed6cdc700f6d3c185897c8940ace0717bf0	Bitprecipice, 2026-10-06 (no GitHub Actions): the seed-corpus gate's comment, without the per-commit CI job
connect	port	mls/syntax/layering_test.go	e8611390466dcded7ccc4fd2d08bc14c297d9f41	4be82ed6cdc700f6d3c185897c8940ace0717bf0	Bitprecipice, 2026-10-06 (no GitHub Actions): the two tests that read mls-syntax.yml go with the workflow; resolved to connect's file with selfImportPath naming this module (this repository's stage 2a structural reader of the workflow went with them)
connect	port-delete	.github/workflows/mls-syntax.yml	e8611390466dcded7ccc4fd2d08bc14c297d9f41	4be82ed6cdc700f6d3c185897c8940ace0717bf0	Bitprecipice, 2026-10-06 (no GitHub Actions): the codec's workflow, imported here as .github/workflows/syntax.yml, deleted with the rest of GitHub Actions; test.sh runs its fuzz legs
connect	fork-only	mls/syntax/layering_test.go	1f97ebb2850760f74cb6def34c680f6ccfe993f6	-	the fork's absorb of connect#216 (1f97ebb2) kept the fork's trigger needle, beta/message, where upstream's b4b7e070 says main; e8611390 removed the needle with the workflow, and the port carries that removal, so nothing of the fork's change is left
sdk	fork-only	cgo/loopback.go.mod	2dc9bf7706a055864bf976a736b7b8bd68e293eb	-	the fork's sync (SX-0): the loopback modfile takes the indirect requirements upstream connect's uTLS dial brings. Upstream sdk made the same change afterwards, in a7b5db77 (the port-in-source row below)
sdk	fork-only	cgo/loopback.go.sum	2dc9bf7706a055864bf976a736b7b8bd68e293eb	-	the go.sum half of the loopback modfile's requirements, as above
sdk	fork-only	message_route.go	c71bb73bba3862328304a7b9c99547336ff2c932,d20d82c1da4be370050f9d00c2b658166e024fc0	-	the fork's two commits on this path since the merge base. c71bb73b, per-peer encryption OPPORTUNISTIC and not REQUIRED, is upstream's too: sdk main holds the same patch as 98e444e, merged by urnetwork/sdk#156. d20d82c1, the 1 s establish hold on every window client (the owner's ruling "Build the 1 s hold", 2026-10-04), is not: it is the whole of this file's difference from sdk main, upstream has not reviewed it, and the message pull request names it at its top
sdk	fork-only	message_tunnel.go	c71bb73bba3862328304a7b9c99547336ff2c932,d20d82c1da4be370050f9d00c2b658166e024fc0	-	as message_route.go: of the two commits, c71bb73b (OPPORTUNISTIC) is in sdk main as 98e444e, and d20d82c1, the 1 s establish hold, is the whole of this file's difference from sdk main
sdk	fork-only	message_tunnel_test.go	c71bb73bba3862328304a7b9c99547336ff2c932,d20d82c1da4be370050f9d00c2b658166e024fc0	-	as message_route.go: the tests of OPPORTUNISTIC (c71bb73b, in sdk main as 98e444e) and of the 1 s establish hold (d20d82c1), which is the whole of this file's difference from sdk main
connect	port	CODESTYLE.md	f5e1aa1f5c4f7a3b6e92faf77334ce14d7e7bf1b,03d82b4eb28ebb15d36078e46b11ebd4d70f2f50,89f66cdabd2c80461a392d032ef4c48932bae806,bbe2d568364a5a9398bad550b25a4a1918c11838,48405dff08f9cefb9145a40a5d9e2f6936aceadd,a3bb8775ff05284014e2ff244b8966281f4c54e4,5f5a205dd476d53244cc5af2af19436522abe4a1	cc2b48828ff28b1fe6bfd0e22cb00b0a7049dae4	Bitprecipice, 2026-10-06 and 2026-10-07: the rule that every bug fix carries a deterministic regression test of its root cause (f5e1aa1f, ported as d749b68d), and the section Packet flow and durable state, added and rewritten in five commits (03d82b4e, bbe2d568, 48405dff, a3bb8775, and 5f5a205d a day later), ported one for one (3849bdef, fb6ecbc1, 2a193955, de8d5c5e, cc2b4882, the last of which the row names); 89f66cda is the merge that brought f5e1aa1f and 03d82b4e together upstream, and 60f3bd61 the merge by which main took 5f5a205d. CODESTYLE.md stays in connect too, and the two copies are kept in step
sdk	port	cgo/ctest/loopback-overlay.json	a7b5db77ff931587af7560bf5e2631d81069174e	966b77f268cb4c219415835fd3e648273b23f7d8	Product Builder, 2026-10-06 (Isolate C ABI loopback dependencies from release modules): the build overlay that lays the loopback harness into the cgo package for the test library alone; new upstream, byte-identical here
sdk	port	cgo/ctest/run.sh	a7b5db77ff931587af7560bf5e2631d81069174e	966b77f268cb4c219415835fd3e648273b23f7d8	Product Builder, 2026-10-06: both test-library builds pass -overlay=ctest/loopback-overlay.json; byte-identical to upstream's
sdk	port	cgo/ctest/testdata/loopback_test_world.go	a7b5db77ff931587af7560bf5e2631d81069174e	966b77f268cb4c219415835fd3e648273b23f7d8	Product Builder, 2026-10-06: the loopback harness, moved under ctest/testdata where go mod tidy does not read it, with two comment blocks rewritten; measured against cgo/loopback_test_world.go at the merge base, the path upstream moved it from, and it differs from upstream's only in its imports (the stage 3 schema switch)
sdk	port-delete	cgo/loopback_test_world.go	a7b5db77ff931587af7560bf5e2631d81069174e	966b77f268cb4c219415835fd3e648273b23f7d8	Product Builder, 2026-10-06: upstream moved the loopback harness to cgo/ctest/testdata/loopback_test_world.go, and so did the port
sdk	port	cgo/gen/loopback_module_test.go	a7b5db77ff931587af7560bf5e2631d81069174e	966b77f268cb4c219415835fd3e648273b23f7d8	Product Builder, 2026-10-06: the harness's module boundary and its overlay, held by go list on a scratch module; new upstream, outside every imported directory (carried.py's ADDED), deleted from the core by the sdk removal with the harness it reads; byte-identical here
sdk	port-in-source	cgo/loopback.go.mod	a7b5db77ff931587af7560bf5e2631d81069174e	-	Product Builder, 2026-10-06: three indirect requirements (brotli, klauspost/compress, utls), the ones the fork's 2dc9bf77 had already added, so the import held them
sdk	port-in-source	cgo/loopback.go.sum	a7b5db77ff931587af7560bf5e2631d81069174e	-	Product Builder, 2026-10-06: the go.sum lines of the same three requirements, which the import already held from the fork's 2dc9bf77
sdk	port-void	message_stream_adapter_test.go	06f33802fbed9ccd099376a5d8290bc7ac696c93	-	Product Builder, 2026-10-06 (Generate runtime license JSON to avoid linking the YAML parser): one row of the value census renamed, licenseYml to licenseJSON. It is a core SDK value: the census here holds this package's values alone (stage 3, docs/history/3-scope.md), so the row is among the lines this repository removed and there is nothing to carry
